1,"AD",Andorra,Andorre,\N,\N
2,"AE",United Arab Emirates,Émirats arabes unis,\N,\N
3,"AF",Afghanistan,Afghanistan,\N,\N
4,"AG",Antigua and Barbuda,Antigua-et-Barbuda,\N,\N
5,"AI",Anguilla,Anguilla,\N,\N
6,"AL",Albania,Albanie,\N,\N
7,"AM",Armenia,Arménie,\N,\N
8,"AO",Angola,Angola,\N,\N
9,"AQ",Antarctica,Antarctique,\N,\N
10,"AR",Argentina,Argentine,\N,\N
11,"AS",American Samoa,Samoa américaine,\N,\N
12,"AT",Austria,Autriche,\N,\N
13,"AU",Australia,Australie,\N,\N
14,"AW",Aruba,Aruba,\N,\N
15,"AX",Åland Islands,Îles d'Åland,\N,\N
16,"AZ",Azerbaijan,Azerbaïdjan,\N,\N
17,"BA",Bosnia and Herzegovina,Bosnie-Herzégovine,\N,\N
18,"BB",Barbados,Barbade,\N,\N
19,"BD",Bangladesh,Bangladesh,\N,\N
20,"BE",Belgium,Belgique,\N,\N
21,"BF",Burkina Faso,Burkina Faso,\N,\N
22,"BG",Bulgaria,Bulgarie,\N,\N
23,"BH",Bahrain,Bahreïn,\N,\N
24,"BI",Burundi,Burundi,\N,\N
25,"BJ",Benin,Bénin,\N,\N
26,"BL",Saint Barthélemy,Saint-Barthélemy,\N,\N
27,"BM",Bermuda,Bermudes,\N,\N
28,"BN",Brunei Darussalam,Brunei Darussalam,\N,\N
29,"BO",Bolivia,Bolivie,\N,\N
30,"BQ",Caribbean Netherlands ,Pays-Bas caribéens,\N,\N
31,"BR",Brazil,Brésil,\N,\N
32,"BS",Bahamas,Bahamas,\N,\N
33,"BT",Bhutan,Bhoutan,\N,\N
34,"BV",Bouvet Island,Île Bouvet,\N,\N
35,"BW",Botswana,Botswana,\N,\N
36,"BY",Belarus,Bélarus,\N,\N
37,"BZ",Belize,Belize,\N,\N
38,"CA",Canada,Canada,\N,\N
39,"CC",Cocos (Keeling) Islands,Îles Cocos (Keeling),\N,\N
40,"CD",Congo\, Democratic Republic of,Congo\, République démocratique du,\N,\N
41,"CF",Central African Republic,République centrafricaine,\N,\N
42,"CG",Congo,Congo,\N,\N
43,"CH",Switzerland,Suisse,\N,\N
44,"CI",Côte D’Ivoire,Côte d’Ivoire,\N,\N
45,"CK",Cook Islands,Îles Cook,\N,\N
46,"CL",Chile,Chili,\N,\N
47,"CM",Cameroon,Cameroun,\N,\N
48,"CN",China,Chine,\N,\N
49,"CO",Colombia,Colombie,\N,\N
50,"CR",Costa Rica,Costa Rica,\N,\N
51,"CU",Cuba,Cuba,\N,\N
52,"CV",Cape Verde,Cap-Vert,\N,\N
53,"CW",Curaçao,Curaçao,\N,\N
54,"CX",Christmas Island,Île Christmas,\N,\N
55,"CY",Cyprus,Chypre,\N,\N
56,"CZ",Czech Republic,République tchèque,\N,\N
57,"DE",Germany,Allemagne,\N,\N
58,"DJ",Djibouti,Djibouti,\N,\N
59,"DK",Denmark,Danemark,\N,\N
60,"DM",Dominica,Dominique,\N,\N
61,"DO",Dominican Republic,République dominicaine,\N,\N
62,"DZ",Algeria,Algérie,\N,\N
63,"EC",Ecuador,Équateur,\N,\N
64,"EE",Estonia,Estonie,\N,\N
65,"EG",Egypt,Égypte,\N,\N
66,"EH",Western Sahara,Sahara Occidental,\N,\N
67,"ER",Eritrea,Érythrée,\N,\N
68,"ES",Spain,Espagne,\N,\N
69,"ET",Ethiopia,Éthiopie,\N,\N
70,"FI",Finland,Finlande,\N,\N
71,"FJ",Fiji,Fidji,\N,\N
72,"FK",Falkland Islands,Îles Malouines,\N,\N
73,"FM",Micronesia\, Federated States of,Micronésie\, États fédérés de,\N,\N
74,"FO",Faroe Islands,Îles Féroé,\N,\N
75,"FR",France,France,\N,\N
76,"GA",Gabon,Gabon,\N,\N
77,"GB",United Kingdom,Royaume-Uni,\N,\N
78,"GD",Grenada,Grenade,\N,\N
79,"GE",Georgia,Géorgie,\N,\N
80,"GF",French Guiana,Guyane française,\N,\N
81,"GG",Guernsey,Guernesey,\N,\N
82,"GH",Ghana,Ghana,\N,\N
83,"GI",Gibraltar,Gibraltar,\N,\N
84,"GL",Greenland,Groenland,\N,\N
85,"GM",Gambia,Gambie,\N,\N
86,"GN",Guinea,Guinée,\N,\N
87,"GP",Guadeloupe,Guadeloupe,\N,\N
88,"GQ",Equatorial Guinea,Guinée équatoriale,\N,\N
89,"GR",Greece,Grèce,\N,\N
90,"GS",South Georgia and the South Sandwich Islands,Géorgie du Sud et les îles Sandwich du Sud,\N,\N
91,"GT",Guatemala,Guatemala,\N,\N
92,"GU",Guam,Guam,\N,\N
93,"GW",Guinea-Bissau,Guinée-Bissau,\N,\N
94,"GY",Guyana,Guyana,\N,\N
95,"HK",Hong Kong,Hong Kong,\N,\N
96,"HM",Heard and McDonald Islands,Îles Heard et McDonald,\N,\N
97,"HN",Honduras,Honduras,\N,\N
98,"HR",Croatia,Croatie,\N,\N
99,"HT",Haiti,Haïti,\N,\N
100,"HU",Hungary,Hongrie,\N,\N
101,"ID",Indonesia,Indonésie,\N,\N
102,"IE",Ireland,Irlande,\N,\N
103,"IL",Israel,Israël,\N,\N
104,"IM",Isle of Man,Île de Man,\N,\N
105,"IN",India,Inde,\N,\N
106,"IO",British Indian Ocean Territory,Territoire britannique de l'océan Indien,\N,\N
107,"IQ",Iraq,Irak,\N,\N
108,"IR",Iran,Iran,\N,\N
109,"IS",Iceland,Islande,\N,\N
110,"IT",Italy,Italie,\N,\N
111,"JE",Jersey,Jersey,\N,\N
112,"JM",Jamaica,Jamaïque,\N,\N
113,"JO",Jordan,Jordanie,\N,\N
114,"JP",Japan,Japon,\N,\N
115,"KE",Kenya,Kenya,\N,\N
116,"KG",Kyrgyzstan,Kirghizistan,\N,\N
117,"KH",Cambodia,Cambodge,\N,\N
118,"KI",Kiribati,Kiribati,\N,\N
119,"KM",Comoros,Comores,\N,\N
120,"KN",Saint Kitts and Nevis,Saint-Kitts-et-Nevis,\N,\N
121,"KP",North Korea,Corée du Nord,\N,\N
122,"KR",South Korea,Corée du Sud,\N,\N
123,"KW",Kuwait,Koweït,\N,\N
124,"KY",Cayman Islands,Îles Caïmans,\N,\N
125,"KZ",Kazakhstan,Kazakhstan,\N,\N
126,"LA",Lao People’s Democratic Republic,Laos,\N,\N
127,"LB",Lebanon,Liban,\N,\N
128,"LC",Saint Lucia,Sainte-Lucie,\N,\N
129,"LI",Liechtenstein,Liechtenstein,\N,\N
130,"LK",Sri Lanka,Sri Lanka,\N,\N
131,"LR",Liberia,Libéria,\N,\N
132,"LS",Lesotho,Lesotho,\N,\N
133,"LT",Lithuania,Lituanie,\N,\N
134,"LU",Luxembourg,Luxembourg,\N,\N
135,"LV",Latvia,Lettonie,\N,\N
136,"LY",Libya,Libye,\N,\N
137,"MA",Morocco,Maroc,\N,\N
138,"MC",Monaco,Monaco,\N,\N
139,"MD",Moldova,Moldavie,\N,\N
140,"ME",Montenegro,Monténégro,\N,\N
141,"MF",Saint-Martin (France),Saint-Martin (France),\N,\N
142,"MG",Madagascar,Madagascar,\N,\N
143,"MH",Marshall Islands,Îles Marshall,\N,\N
144,"MK",Macedonia,Macédoine,\N,\N
145,"ML",Mali,Mali,\N,\N
146,"MM",Myanmar,Myanmar,\N,\N
147,"MN",Mongolia,Mongolie,\N,\N
148,"MO",Macau,Macao,\N,\N
149,"MP",Northern Mariana Islands,Mariannes du Nord,\N,\N
150,"MQ",Martinique,Martinique,\N,\N
151,"MR",Mauritania,Mauritanie,\N,\N
152,"MS",Montserrat,Montserrat,\N,\N
153,"MT",Malta,Malte,\N,\N
154,"MU",Mauritius,Maurice,\N,\N
155,"MV",Maldives,Maldives,\N,\N
156,"MW",Malawi,Malawi,\N,\N
157,"MX",Mexico,Mexique,\N,\N
158,"MY",Malaysia,Malaisie,\N,\N
159,"MZ",Mozambique,Mozambique,\N,\N
160,"NA",Namibia,Namibie,\N,\N
161,"NC",New Caledonia,Nouvelle-Calédonie,\N,\N
162,"NE",Niger,Niger,\N,\N
163,"NF",Norfolk Island,Île Norfolk,\N,\N
164,"NG",Nigeria,Nigeria,\N,\N
165,"NI",Nicaragua,Nicaragua,\N,\N
166,"NL",The Netherlands,Pays-Bas,\N,\N
167,"NO",Norway,Norvège,\N,\N
168,"NP",Nepal,Népal,\N,\N
169,"NR",Nauru,Nauru,\N,\N
170,"NU",Niue,Niue,\N,\N
171,"NZ",New Zealand,Nouvelle-Zélande,\N,\N
172,"OM",Oman,Oman,\N,\N
173,"PA",Panama,Panama,\N,\N
174,"PE",Peru,Pérou,\N,\N
175,"PF",French Polynesia,Polynésie française,\N,\N
176,"PG",Papua New Guinea,Papouasie-Nouvelle-Guinée,\N,\N
177,"PH",Philippines,Philippines,\N,\N
178,"PK",Pakistan,Pakistan,\N,\N
179,"PL",Poland,Pologne,\N,\N
180,"PM",St. Pierre and Miquelon,Saint-Pierre-et-Miquelon,\N,\N
181,"PN",Pitcairn,Pitcairn,\N,\N
182,"PR",Puerto Rico,Puerto Rico,\N,\N
183,"PS",Palestinian Territory\, Occupied,Territoires palestiniens,\N,\N
184,"PT",Portugal,Portugal,\N,\N
185,"PW",Palau,Palau,\N,\N
186,"PY",Paraguay,Paraguay,\N,\N
187,"QA",Qatar,Qatar,\N,\N
188,"RE",Reunion,Réunion,\N,\N
189,"RO",Romania,Roumanie,\N,\N
190,"RS",Serbia,Serbie,\N,\N
191,"RU",Russian Federation,Russie,\N,\N
192,"RW",Rwanda,Rwanda,\N,\N
193,"SA",Saudi Arabia,Arabie saoudite,\N,\N
194,"SB",Solomon Islands,Îles Salomon,\N,\N
195,"SC",Seychelles,Seychelles,\N,\N
196,"SD",Sudan,Soudan,\N,\N
197,"SE",Sweden,Suède,\N,\N
198,"SG",Singapore,Singapour,\N,\N
199,"SH",Saint Helena,Sainte-Hélène,\N,\N
200,"SI",Slovenia,Slovénie,\N,\N
201,"SJ",Svalbard and Jan Mayen Islands,Svalbard et île de Jan Mayen,\N,\N
202,"SK",Slovakia (Slovak Republic),Slovaquie (République slovaque),\N,\N
203,"SL",Sierra Leone,Sierra Leone,\N,\N
204,"SM",San Marino,Saint-Marin,\N,\N
205,"SN",Senegal,Sénégal,\N,\N
206,"SO",Somalia,Somalie,\N,\N
207,"SR",Suriname,Suriname,\N,\N
208,"SS",South Sudan,Soudan du Sud,\N,\N
209,"ST",Sao Tome and Principe,Sao Tomé-et-Principe,\N,\N
210,"SV",El Salvador,El Salvador,\N,\N
211,"SX",Saint-Martin (Pays-Bas),Sint Maarten ,\N,\N
212,"SY",Syria,Syrie,\N,\N
213,"SZ",Swaziland,Swaziland,\N,\N
214,"TC",Turks and Caicos Islands,Îles Turks et Caicos,\N,\N
215,"TD",Chad,Tchad,\N,\N
216,"TF",French Southern Territories,Terres australes françaises,\N,\N
217,"TG",Togo,Togo,\N,\N
218,"TH",Thailand,Thaïlande,\N,\N
219,"TJ",Tajikistan,Tadjikistan,\N,\N
220,"TK",Tokelau,Tokelau,\N,\N
221,"TL",Timor-Leste,Timor-Leste,\N,\N
222,"TM",Turkmenistan,Turkménistan,\N,\N
223,"TN",Tunisia,Tunisie,\N,\N
224,"TO",Tonga,Tonga,\N,\N
225,"TR",Turkey,Turquie,\N,\N
226,"TT",Trinidad and Tobago,Trinité-et-Tobago,\N,\N
227,"TV",Tuvalu,Tuvalu,\N,\N
228,"TW",Taiwan,Taïwan,\N,\N
229,"TZ",Tanzania,Tanzanie,\N,\N
230,"UA",Ukraine,Ukraine,\N,\N
231,"UG",Uganda,Ouganda,\N,\N
232,"UM",United States Minor Outlying Islands,Îles mineures éloignées des États-Unis,\N,\N
233,"US",United States,États-Unis,\N,\N
234,"UY",Uruguay,Uruguay,\N,\N
235,"UZ",Uzbekistan,Ouzbékistan,\N,\N
236,"VA",Vatican,Vatican,\N,\N
237,"VC",Saint Vincent and the Grenadines,Saint-Vincent-et-les-Grenadines,\N,\N
238,"VE",Venezuela,Venezuela,\N,\N
239,"VG",Virgin Islands (British),Îles Vierges britanniques,\N,\N
240,"VI",Virgin Islands (U.S.),Îles Vierges américaines,\N,\N
241,"VN",Vietnam,Vietnam,\N,\N
242,"VU",Vanuatu,Vanuatu,\N,\N
243,"WF",Wallis and Futuna Islands,Îles Wallis-et-Futuna,\N,\N
244,"WS",Samoa,Samoa,\N,\N
245,"YE",Yemen,Yémen,\N,\N
246,"YT",Mayotte,Mayotte,\N,\N
247,"ZA",South Africa,Afrique du Sud,\N,\N
248,"ZM",Zambia,Zambie,\N,\N
249,"ZW",Zimbabwe,Zimbabwe,\N,\N
